<?xml version="1.0" encoding="UTF-8"?>
<project-private xmlns="http://www.netbeans.org/ns/project-private/1">
    <open-files xmlns="http://www.netbeans.org/ns/projectui-open-files/2">
        <group>
            <file>file:/C:/Users/liset/OneDrive/Documents/NetBeansProjects/SDEV-250%20-%20Java%20I/Week%2011/lmarlowe_Week13/src/lmarlowe_week13/Strings.java</file>
            <file>file:/C:/Users/liset/OneDrive/Documents/NetBeansProjects/SDEV-250%20-%20Java%20I/Week%2011/lmarlowe_Week13/src/lmarlowe_week13/Struck.java</file>
            <file>file:/C:/Users/liset/OneDrive/Documents/NetBeansProjects/SDEV-250%20-%20Java%20I/Week%2011/lmarlowe_Week13/src/lmarlowe_week13/Blown.java</file>
            <file>file:/C:/Users/liset/OneDrive/Documents/NetBeansProjects/SDEV-250%20-%20Java%20I/Week%2011/lmarlowe_Week13/src/lmarlowe_week13/Percussion.java</file>
            <file>file:/C:/Users/liset/OneDrive/Documents/NetBeansProjects/SDEV-250%20-%20Java%20I/Week%2011/lmarlowe_Week13/src/lmarlowe_week13/Validate.java</file>
            <file>file:/C:/Users/liset/OneDrive/Documents/NetBeansProjects/SDEV-250%20-%20Java%20I/Week%2011/lmarlowe_Week13/src/lmarlowe_week13/Main.java</file>
            <file>file:/C:/Users/liset/OneDrive/Documents/NetBeansProjects/SDEV-250%20-%20Java%20I/Week%2011/lmarlowe_Week13/src/lmarlowe_week13/Woodwind.java</file>
            <file>file:/C:/Users/liset/OneDrive/Documents/NetBeansProjects/SDEV-250%20-%20Java%20I/Week%2011/lmarlowe_Week13/src/lmarlowe_week13/Instrument.java</file>
            <file>file:/C:/Users/liset/OneDrive/Documents/NetBeansProjects/SDEV-250%20-%20Java%20I/Week%2011/lmarlowe_Week13/src/lmarlowe_week13/Fingered.java</file>
            <file>file:/C:/Users/liset/OneDrive/Documents/NetBeansProjects/SDEV-250%20-%20Java%20I/Week%2011/lmarlowe_Week13/src/lmarlowe_week13/Brass.java</file>
        </group>
    </open-files>
</project-private>
